id,first_name,last_name,email,ip_address
21,Miguela,Jentges,mjentgesy@ebay.co.uk,136.188.12.219
55,Ashbey,Fissenden,afissendenz@aol.com,119.117.35.158
39,Flin,Foden,ffoden10@slashdot.org,204.144.227.106
37,Lin,Sizey,lsizey11@washington.edu,134.42.116.120
36,Donny,Tresise,dtresise12@utexas.edu,91.144.10.169
40,Marguerite,Corssen,mcorssen13@devhub.com,230.177.80.193
90,Baris,Can,bariscan@devhub.com,135.567.80.193
99,Defne,Can,defnecan@bumbu.com,1.2.3.4
35,Erkan,Can,drerkancan@drick.com,33.5.7.4
34,Aynur,Can,isayaynurcan@moomoo.com,12.4.5.78
